"Comic Sans MS";10;True;False;1;0;1;1
32;50;23;6;19;6;0
33;30;65;2;15;3;1
34;7;65;5;9;6;1
35;157;2;9;15;11;1
36;92;2;8;17;9;0
37;44;2;11;15;11;0
38;102;2;9;15;9;0
39;55;65;2;9;6;2
40;198;47;4;16;5;1
41;180;47;4;16;5;0
42;225;44;6;10;7;0
43;163;44;6;14;8;1
44;26;65;2;17;6;1
45;233;44;5;12;8;1
46;42;65;2;15;6;2
47;172;23;6;16;7;0
48;122;44;6;15;8;1
49;26;44;6;15;8;1
50;146;23;7;15;8;0
51;34;44;6;15;8;1
52;110;23;7;15;8;0
53;82;44;6;15;8;1
54;42;44;6;15;8;1
55;119;23;7;15;8;1
56;18;44;6;15;8;1
57;146;44;6;15;8;1
58;46;65;2;14;6;2
59;2;65;3;16;6;1
60;240;44;4;14;8;2
61;218;44;5;14;8;1
62;246;44;4;14;8;3
63;74;23;7;15;7;0
64;30;2;12;16;12;0
65;32;23;8;15;10;1
66;101;23;7;15;8;1
67;237;2;8;15;8;0
68;155;23;7;15;9;1
69;83;23;7;15;8;0
70;106;44;6;15;8;1
71;146;2;9;15;9;0
72;217;2;8;15;10;1
73;138;44;6;15;7;0
74;177;2;8;16;9;0
75;128;23;7;15;8;1
76;225;23;6;15;7;1
77;80;2;10;15;11;0
78;124;2;9;15;11;1
79;68;2;10;15;10;0
80;204;44;5;15;7;1
81;2;2;11;18;11;0
82;217;23;6;15;8;1
83;227;2;8;15;9;0
84;2;23;8;15;9;0
85;187;2;8;15;10;1
86;135;2;9;15;9;0
87;15;2;13;15;14;1
88;113;2;9;15;9;0
89;207;2;8;15;8;0
90;197;2;8;15;9;0
91;186;47;4;16;5;1
92;180;23;6;16;7;1
93;192;47;4;16;5;0
94;14;65;6;7;8;1
95;57;2;9;17;8;0
96;50;65;3;7;7;1
97;66;44;6;15;7;0
98;90;44;6;15;8;1
99;74;44;6;15;7;0
100;137;23;7;15;8;0
101;50;44;6;15;7;0
102;164;23;6;16;7;0
103;42;23;6;19;7;0
104;98;44;6;15;8;1
105;38;65;2;15;4;1
106;195;23;5;19;5;-1
107;130;44;6;15;7;0
108;34;65;2;15;4;1
109;12;23;8;15;10;1
110;233;23;6;15;7;0
111;58;44;6;15;7;0
112;66;23;6;19;7;0
113;58;23;6;19;7;0
114;209;23;6;15;6;0
115;211;44;5;15;6;0
116;10;44;6;15;6;0
117;241;23;6;15;7;0
118;114;44;6;15;6;0
119;22;23;8;15;9;0
120;92;23;7;15;8;0
121;168;2;7;19;7;0
122;2;44;6;15;7;0
123;188;23;5;19;5;0
124;22;65;2;19;5;1
125;202;23;5;19;5;0
126;171;44;7;12;8;0
127;154;44;7;12;8;0
12593;447;740;10;17;10;1
12594;221;722;12;17;12;0
12595;756;632;13;17;13;0
12596;436;740;10;17;10;2
12597;770;632;13;17;13;0
12598;868;632;13;17;13;0
12599;425;740;10;17;10;2
12600;182;722;12;17;12;1
12601;1014;722;9;17;9;2
12602;143;722;12;17;12;1
12603;39;722;12;17;12;1
12604;13;722;12;17;12;1
12605;896;632;13;17;13;1
12606;1003;704;12;17;12;1
12607;910;632;13;17;13;1
12608;810;434;14;17;14;0
12609;458;740;10;17;10;2
12610;414;740;10;17;10;2
12611;860;704;12;17;12;1
12612;924;632;13;17;13;1
12613;847;704;12;17;12;1
12614;938;632;13;17;13;0
12615;402;740;11;17;11;1
12616;821;704;12;17;12;0
12617;808;704;12;17;12;1
12618;795;704;12;17;12;1
12619;480;740;10;17;10;2
12620;469;740;10;17;10;2
12621;390;740;11;17;11;2
12622;743;704;12;17;12;1
12623;125;758;6;17;6;5
12624;132;758;6;17;6;4
12625;139;758;6;17;6;5
12626;146;758;6;17;6;4
12627;56;758;7;17;7;3
12628;511;740;9;17;9;2
12629;118;758;6;17;6;3
12630;521;740;9;17;9;2
12631;112;164;15;17;15;-1
12632;28;128;16;17;16;-1
12633;510;452;14;17;14;-1
12634;952;632;13;17;13;-1
12635;160;164;15;17;15;-1
12636;176;164;15;17;15;-1
12637;966;632;13;17;13;-1
12638;870;452;14;17;14;-1
12639;980;632;13;17;13;-1
12640;240;164;15;17;15;-1
12641;256;164;15;17;15;-1
12642;994;632;13;17;13;-1
12643;1021;200;2;17;2;6
44032;304;164;15;17;15;-1
44033;320;164;15;17;15;-1
44036;336;164;15;17;15;-1
44039;352;164;15;17;15;-1
44040;368;164;15;17;15;-1
44041;384;164;15;17;15;-1
44042;400;164;15;17;15;-1
44048;416;164;15;17;15;-1
44049;432;164;15;17;15;-1
44050;448;164;15;17;15;-1
44051;464;164;15;17;15;-1
44052;480;164;15;17;15;-1
44053;496;164;15;17;15;-1
44054;512;164;15;17;15;-1
44055;528;164;15;17;15;-1
44057;544;164;15;17;15;-1
44058;560;164;15;17;15;-1
44059;576;164;15;17;15;-1
44060;930;452;14;17;14;-1
44061;945;452;14;17;14;-1
44064;450;470;14;17;14;-1
44068;690;470;14;17;14;-1
44076;705;470;14;17;14;-1
44077;885;470;14;17;14;-1
44079;105;488;14;17;14;-1
44080;285;128;15;17;15;-1
44081;120;488;14;17;14;-1
44088;317;128;15;17;15;-1
44089;333;128;15;17;15;-1
44092;349;128;15;17;15;-1
44096;365;128;15;17;15;-1
44107;381;128;15;17;15;-1
44109;397;128;15;17;15;-1
44116;135;488;14;17;14;-1
44120;150;488;14;17;14;-1
44124;165;488;14;17;14;-1
44144;1008;632;13;17;13;-1
44145;84;650;13;17;13;-1
44148;98;650;13;17;13;-1
44151;126;650;13;17;13;-1
44152;140;650;13;17;13;-1
44154;154;650;13;17;13;-1
44160;168;650;13;17;13;-1
44161;182;650;13;17;13;-1
44163;390;488;14;17;14;-1
44164;420;488;14;17;14;-1
44165;196;650;13;17;13;-1
44166;795;488;14;17;14;-1
44169;210;650;13;17;13;-1
44170;364;650;13;17;13;-1
44171;255;506;14;17;14;-1
44172;270;506;14;17;14;-1
44176;285;506;14;17;14;-1
44180;300;506;14;17;14;-1
44188;315;506;14;17;14;-1
44189;330;506;14;17;14;-1
44191;345;506;14;17;14;-1
44192;797;128;15;17;15;-1
44193;360;506;14;17;14;-1
44200;392;650;13;17;13;-1
44201;406;650;13;17;13;-1
44202;420;650;13;17;13;-1
44204;434;650;13;17;13;-1
44207;448;650;13;17;13;-1
44208;462;650;13;17;13;-1
44216;476;650;13;17;13;-1
44217;602;650;13;17;13;-1
44219;975;506;14;17;14;-1
44220;990;506;14;17;14;-1
44221;630;650;13;17;13;-1
44225;644;650;13;17;13;-1
44228;1006;200;14;17;14;-1
44232;0;218;14;17;14;-1
44236;15;218;14;17;14;-1
44245;30;218;14;17;14;-1
44247;45;218;14;17;14;-1
44256;60;218;14;17;14;0
44257;75;218;14;17;14;0
44260;90;218;14;17;14;0
44263;105;218;14;17;14;0
44264;120;218;14;17;14;0
44266;135;218;14;17;14;0
44268;150;218;14;17;14;0
44271;165;218;14;17;14;0
44272;180;218;14;17;14;0
44273;195;218;14;17;14;0
44275;210;218;14;17;14;0
44277;225;218;14;17;14;0
44278;240;218;14;17;14;0
44284;320;146;15;17;15;-1
44285;400;146;15;17;15;-1
44288;416;146;15;17;15;-1
44292;432;146;15;17;15;-1
44294;448;146;15;17;15;-1
44300;464;146;15;17;15;-1
44301;480;146;15;17;15;-1
44303;496;146;15;17;15;-1
44305;512;146;15;17;15;-1
44312;255;218;14;17;14;-1
44316;270;218;14;17;14;-1
44320;285;218;14;17;14;-1
44329;300;218;14;17;14;-1
44332;592;146;15;17;15;-1
44333;315;218;14;17;14;-1
44340;658;650;13;17;13;-1
44341;672;650;13;17;13;-1
44344;686;650;13;17;13;-1
44348;700;650;13;17;13;-1
44356;714;650;13;17;13;-1
44357;728;650;13;17;13;-1
44359;360;218;14;17;14;-1
44361;742;650;13;17;13;-1
44368;375;218;14;17;14;0
44372;390;218;14;17;14;0
44376;405;218;14;17;14;0
44385;420;218;14;17;14;0
44387;435;218;14;17;14;0
44396;450;218;14;17;14;0
44397;465;218;14;17;14;0
44400;480;218;14;17;14;0
44403;495;218;14;17;14;0
44404;510;218;14;17;14;0
44405;525;218;14;17;14;0
44406;540;218;14;17;14;0
44411;555;218;14;17;14;0
44412;570;218;14;17;14;0
44413;585;218;14;17;14;0
44415;600;218;14;17;14;0
44417;615;218;14;17;14;0
44418;630;218;14;17;14;0
44424;840;650;13;17;13;-1
44425;854;650;13;17;13;-1
44428;868;650;13;17;13;-1
44432;882;650;13;17;13;-1
44444;253;128;15;17;15;-1
44445;896;650;13;17;13;-1
44452;690;218;14;17;14;-1
44471;705;218;14;17;14;-1
44480;910;650;13;17;13;-1
44481;924;650;13;17;13;-1
44484;938;650;13;17;13;-1
44488;952;650;13;17;13;-1
44496;966;650;13;17;13;-1
44497;980;650;13;17;13;-1
44499;795;218;14;17;14;-1
44508;810;218;14;17;14;0
44512;825;218;14;17;14;0
44516;840;218;14;17;14;0
44536;855;218;14;17;14;0
44537;870;218;14;17;14;0
44540;885;218;14;17;14;0
44543;900;218;14;17;14;0
44544;915;218;14;17;14;0
44545;930;218;14;17;14;0
44552;945;218;14;17;14;0
44553;960;218;14;17;14;0
44555;975;218;14;17;14;0
44557;990;218;14;17;14;0
44564;994;650;13;17;13;-1
44592;1008;650;13;17;13;-1
44593;70;668;13;17;13;-1
44596;98;668;13;17;13;-1
44599;168;668;13;17;13;-1
44600;210;668;13;17;13;-1
44602;238;668;13;17;13;-1
44608;252;668;13;17;13;-1
44609;266;668;13;17;13;-1
44611;120;236;14;17;14;-1
44613;280;668;13;17;13;-1
44614;150;236;14;17;14;-1
44618;165;236;14;17;14;-1
44620;1005;128;15;17;15;-1
44621;0;146;15;17;15;-1
44622;16;146;15;17;15;-1
44624;32;146;15;17;15;-1
44628;48;146;15;17;15;-1
44630;64;146;15;17;15;-1
44636;80;146;15;17;15;-1
44637;96;146;15;17;15;-1
44639;112;146;15;17;15;-1
44640;128;146;15;17;15;-1
44641;144;146;15;17;15;-1
44645;176;146;15;17;15;-1
44648;180;236;14;17;14;-1
44649;195;236;14;17;14;-1
44652;210;236;14;17;14;-1
44656;225;236;14;17;14;-1
44664;240;236;14;17;14;-1
44665;255;236;14;17;14;-1
44667;270;236;14;17;14;-1
44668;528;146;15;17;15;-1
44669;285;236;14;17;14;-1
44676;560;146;15;17;15;-1
44677;576;146;15;17;15;-1
44684;608;146;15;17;15;-1
44732;294;668;13;17;13;-1
44733;308;668;13;17;13;-1
44734;322;668;13;17;13;-1
44736;336;668;13;17;13;-1
44740;350;668;13;17;13;-1
44748;364;668;13;17;13;-1
44749;476;668;13;17;13;-1
44751;330;236;14;17;14;-1
44752;345;236;14;17;14;-1
44753;504;668;13;17;13;-1
44760;360;236;14;17;14;-1
44761;375;236;14;17;14;-1
44764;390;236;14;17;14;-1
44776;405;236;14;17;14;-1
44779;420;236;14;17;14;-1
44781;435;236;14;17;14;-1
44788;518;668;13;17;13;-1
44792;532;668;13;17;13;-1
44796;546;668;13;17;13;-1
44807;465;236;14;17;14;-1
44808;592;164;15;17;15;-1
44813;560;668;13;17;13;-1
44816;480;236;14;17;14;-1
44844;495;236;14;17;14;0
44845;510;236;14;17;14;0
44848;525;236;14;17;14;0
44850;540;236;14;17;14;0
44852;555;236;14;17;14;0
44860;570;236;14;17;14;0
44861;585;236;14;17;14;0
44863;600;236;14;17;14;0
44865;615;236;14;17;14;0
44866;630;236;14;17;14;0
44867;645;236;14;17;14;0
44872;589;128;15;17;15;-1
44873;605;128;15;17;15;-1
44880;621;128;15;17;15;-1
44892;573;128;15;17;15;-1
44893;653;128;15;17;15;-1
44900;675;236;14;17;14;-1
44901;690;236;14;17;14;-1
44921;705;236;14;17;14;-1
44928;574;668;13;17;13;-1
44932;588;668;13;17;13;-1
44936;602;668;13;17;13;-1
44944;700;668;13;17;13;-1
44945;714;668;13;17;13;-1
44949;742;668;13;17;13;-1
44956;810;236;14;17;14;0
44984;825;236;14;17;14;0
44985;840;236;14;17;14;0
44988;855;236;14;17;14;0
44992;870;236;14;17;14;0
44999;885;236;14;17;14;0
45000;900;236;14;17;14;0
45001;915;236;14;17;14;0
45003;930;236;14;17;14;0
45005;945;236;14;17;14;0
45006;960;236;14;17;14;0
45012;756;668;13;17;13;-1
45020;770;668;13;17;13;-1
45032;240;146;15;17;15;-1
45033;784;668;13;17;13;-1
45040;0;254;14;17;14;-1
45041;15;254;14;17;14;-1
45044;30;254;14;17;14;-1
45048;45;254;14;17;14;-1
45056;60;254;14;17;14;-1
45057;75;254;14;17;14;-1
45060;896;146;15;17;15;-1
45068;798;668;13;17;13;-1
45072;812;668;13;17;13;-1
45076;826;668;13;17;13;-1
45084;840;668;13;17;13;-1
45085;854;668;13;17;13;-1
45096;165;254;14;17;14;0
45124;180;254;14;17;14;0
45125;195;254;14;17;14;0
45128;210;254;14;17;14;0
45130;225;254;14;17;14;0
45132;240;254;14;17;14;0
45134;255;254;14;17;14;0
45139;270;254;14;17;14;0
45140;285;254;14;17;14;0
45141;300;254;14;17;14;0
45143;315;254;14;17;14;0
45145;330;254;14;17;14;0
45149;345;254;14;17;14;0
45180;868;668;13;17;13;-1
45181;882;668;13;17;13;-1
45184;994;668;13;17;13;-1
45188;0;686;13;17;13;-1
45196;14;686;13;17;13;-1
45197;28;686;13;17;13;-1
45199;435;254;14;17;14;-1
45201;42;686;13;17;13;-1
45208;450;254;14;17;14;0
45209;465;254;14;17;14;0
45210;480;254;14;17;14;0
45212;495;254;14;17;14;0
45215;510;254;14;17;14;0
45216;525;254;14;17;14;0
45217;540;254;14;17;14;0
45218;555;254;14;17;14;0
45224;570;254;14;17;14;0
45225;585;254;14;17;14;0
45227;600;254;14;17;14;0
45228;957;128;15;17;15;-1
45229;615;254;14;17;14;0
45230;630;254;14;17;14;0
45231;645;254;14;17;14;0
45233;660;254;14;17;14;0
45235;675;254;14;17;14;0
45236;56;686;13;17;13;0
45237;140;686;13;17;13;0
45240;168;686;13;17;13;0
45244;182;686;13;17;13;0
45252;196;686;13;17;13;0
45253;280;686;13;17;13;0
45255;308;686;13;17;13;0
45256;735;254;14;17;14;0
45257;322;686;13;17;13;0
45264;765;254;14;17;14;0
45265;780;254;14;17;14;0
45268;795;254;14;17;14;0
45272;810;254;14;17;14;0
45280;825;254;14;17;14;0
45285;840;254;14;17;14;0
45320;405;704;12;17;12;0
45321;392;704;12;17;12;0
45323;336;686;13;17;13;0
45324;379;704;12;17;12;0
45328;366;704;12;17;12;0
45330;353;704;12;17;12;0
45331;340;704;12;17;12;0
45336;327;704;12;17;12;0
45337;314;704;12;17;12;0
45339;420;686;13;17;13;0
45340;1005;254;14;17;14;-1
45341;301;704;12;17;12;0
45347;434;686;13;17;13;0
45348;448;686;13;17;13;0
45349;462;686;13;17;13;0
45352;476;686;13;17;13;0
45356;574;686;13;17;13;0
45364;602;686;13;17;13;0
45365;616;686;13;17;13;0
45367;630;686;13;17;13;0
45368;135;272;14;17;14;0
45369;644;686;13;17;13;0
45376;288;704;12;17;12;0
45377;275;704;12;17;12;0
45380;262;704;12;17;12;0
45384;249;704;12;17;12;0
45392;223;704;12;17;12;0
45393;119;704;12;17;12;0
45396;255;272;14;17;14;-1
45397;106;704;12;17;12;0
45400;93;704;12;17;12;0
45404;658;686;13;17;13;0
45408;672;686;13;17;13;0
45432;315;272;14;17;14;0
45433;330;272;14;17;14;0
45436;345;272;14;17;14;0
45440;360;272;14;17;14;0
45442;375;272;14;17;14;0
45448;390;272;14;17;14;0
45449;405;272;14;17;14;0
45451;420;272;14;17;14;0
45453;435;272;14;17;14;0
45458;450;272;14;17;14;0
45459;465;272;14;17;14;0
45460;269;128;15;17;15;-1
45464;301;128;15;17;15;-1
45468;413;128;15;17;15;-1
45480;429;128;15;17;15;-1
45516;686;686;13;17;13;-1
45520;700;686;13;17;13;-1
45524;714;686;13;17;13;-1
45532;728;686;13;17;13;-1
45533;742;686;13;17;13;-1
45535;495;272;14;17;14;-1
45544;510;272;14;17;14;0
45545;525;272;14;17;14;0
45548;540;272;14;17;14;0
45552;555;272;14;17;14;0
45561;570;272;14;17;14;0
45563;585;272;14;17;14;0
45565;600;272;14;17;14;0
45572;615;272;14;17;14;0
45573;630;272;14;17;14;0
45576;645;272;14;17;14;0
45579;660;272;14;17;14;0
45580;675;272;14;17;14;0
45588;690;272;14;17;14;0
45589;705;272;14;17;14;0
45591;720;272;14;17;14;0
45593;735;272;14;17;14;0
45600;756;686;13;17;13;-1
45620;989;128;15;17;15;-1
45628;765;272;14;17;14;-1
45656;770;686;13;17;13;-1
45660;854;686;13;17;13;-1
45664;660;524;13;17;13;-1
45672;674;524;13;17;13;-1
45673;688;524;13;17;13;-1
45684;825;272;14;17;14;0
45685;840;272;14;17;14;0
45692;855;272;14;17;14;0
45700;870;272;14;17;14;0
45701;885;272;14;17;14;0
45705;900;272;14;17;14;0
45712;915;272;14;17;14;0
45713;930;272;14;17;14;0
45716;945;272;14;17;14;0
45720;960;272;14;17;14;0
45721;975;272;14;17;14;0
45722;990;272;14;17;14;0
45728;1005;272;14;17;14;0
45729;0;290;14;17;14;0
45731;15;290;14;17;14;0
45733;30;290;14;17;14;0
45734;45;290;14;17;14;0
45738;60;290;14;17;14;0
45740;702;524;13;17;13;-1
45744;716;524;13;17;13;-1
45748;730;524;13;17;13;-1
45768;80;704;12;17;12;0
45769;67;704;12;17;12;0
45772;54;704;12;17;12;0
45776;41;704;12;17;12;0
45778;834;704;12;17;12;0
45784;756;704;12;17;12;0
45785;377;740;12;17;12;0
45787;744;524;13;17;13;0
45789;364;740;12;17;12;0
45794;351;740;12;17;12;0
45796;255;290;14;17;14;0
45797;270;290;14;17;14;0
45798;285;290;14;17;14;0
45800;300;290;14;17;14;0
45803;315;290;14;17;14;0
45804;330;290;14;17;14;0
45805;345;290;14;17;14;0
45806;360;290;14;17;14;0
45807;375;290;14;17;14;0
45811;390;290;14;17;14;0
45812;405;290;14;17;14;0
45813;420;290;14;17;14;0
45815;435;290;14;17;14;0
45816;685;128;15;17;15;-1
45817;450;290;14;17;14;0
45818;465;290;14;17;14;0
45819;480;290;14;17;14;0
45823;495;290;14;17;14;0
45824;758;524;13;17;13;0
45825;772;524;13;17;13;0
45828;786;524;13;17;13;0
45832;800;524;13;17;13;0
45840;814;524;13;17;13;0
45841;828;524;13;17;13;0
45843;842;524;13;17;13;0
45844;615;290;14;17;14;0
45845;870;524;13;17;13;0
45852;645;290;14;17;14;0
45908;338;740;12;17;12;0
45909;325;740;12;17;12;0
45910;312;740;12;17;12;0
45912;299;740;12;17;12;0
45915;286;740;12;17;12;0
45916;273;740;12;17;12;0
45918;260;740;12;17;12;0
45919;247;740;12;17;12;0
45924;234;740;12;17;12;0
45925;221;740;12;17;12;0
45927;884;524;13;17;13;0
45929;208;740;12;17;12;0
45931;982;524;13;17;13;0
45934;182;740;12;17;12;0
45936;996;524;13;17;13;0
45937;1010;524;13;17;13;0
45940;0;542;13;17;13;0
45944;14;542;13;17;13;0
45952;28;542;13;17;13;0
45953;42;542;13;17;13;0
45955;56;542;13;17;13;0
45956;945;290;14;17;14;0
45957;70;542;13;17;13;0
45964;169;740;12;17;12;0
45968;156;740;12;17;12;0
45972;143;740;12;17;12;0
45984;1005;290;14;17;14;-1
45985;130;740;12;17;12;0
45992;84;542;13;17;13;0
45996;98;542;13;17;13;0
46020;30;308;14;17;14;0
46021;45;308;14;17;14;0
46024;60;308;14;17;14;0
46027;75;308;14;17;14;0
46028;90;308;14;17;14;0
46030;105;308;14;17;14;0
46032;120;308;14;17;14;0
46036;135;308;14;17;14;0
46037;150;308;14;17;14;0
46039;165;308;14;17;14;0
46041;180;308;14;17;14;0
46043;195;308;14;17;14;0
46045;210;308;14;17;14;0
46048;669;128;15;17;15;-1
46052;717;128;15;17;15;-1
46056;749;128;15;17;15;-1
46076;225;308;14;17;14;-1
46096;829;128;15;17;15;-1
46104;112;542;13;17;13;-1
46108;126;542;13;17;13;-1
46112;252;542;13;17;13;-1
46120;280;542;13;17;13;-1
46121;322;542;13;17;13;-1
46123;300;308;14;17;14;-1
46132;315;308;14;17;14;0
46160;330;308;14;17;14;0
46161;345;308;14;17;14;0
46164;360;308;14;17;14;0
46168;375;308;14;17;14;0
46176;390;308;14;17;14;0
46177;405;308;14;17;14;0
46179;420;308;14;17;14;0
46181;435;308;14;17;14;0
46188;336;542;13;17;13;-1
46208;525;128;15;17;15;-1
46216;450;308;14;17;14;-1
46237;465;308;14;17;14;-1
46244;350;542;13;17;13;-1
46248;364;542;13;17;13;-1
46252;378;542;13;17;13;-1
46261;392;542;13;17;13;-1
46263;540;308;14;17;14;-1
46265;406;542;13;17;13;-1
46272;570;308;14;17;14;0
46276;585;308;14;17;14;0
46280;600;308;14;17;14;0
46288;615;308;14;17;14;0
46293;630;308;14;17;14;0
46300;645;308;14;17;14;0
46301;660;308;14;17;14;0
46304;675;308;14;17;14;0
46307;690;308;14;17;14;0
46308;705;308;14;17;14;0
46310;720;308;14;17;14;0
46316;735;308;14;17;14;0
46317;750;308;14;17;14;0
46319;765;308;14;17;14;0
46321;780;308;14;17;14;0
46328;420;542;13;17;13;-1
46356;962;722;12;17;12;0
46357;949;722;12;17;12;0
46360;936;722;12;17;12;0
46363;884;722;12;17;12;0
46364;730;704;12;17;12;0
46372;990;704;12;17;12;0
46373;169;722;12;17;12;0
46375;434;542;13;17;13;0
46376;900;308;14;17;14;-1
46377;247;722;12;17;12;0
46378;448;542;13;17;13;0
46384;288;164;15;17;15;-1
46385;541;128;15;17;15;-1
46388;557;128;15;17;15;-1
46392;637;128;15;17;15;-1
46400;781;128;15;17;15;-1
46401;861;128;15;17;15;-1
46403;893;128;15;17;15;-1
46404;973;128;15;17;15;-1
46405;192;146;15;17;15;-1
46411;880;146;15;17;15;-1
46412;930;308;14;17;14;-1
46413;945;308;14;17;14;-1
46416;960;308;14;17;14;-1
46420;975;308;14;17;14;-1
46428;990;308;14;17;14;-1
46429;1005;308;14;17;14;-1
46431;0;326;14;17;14;-1
46432;128;164;15;17;15;-1
46433;15;326;14;17;14;-1
46496;462;542;13;17;13;-1
46497;476;542;13;17;13;-1
46500;490;542;13;17;13;-1
46504;504;542;13;17;13;-1
46506;518;542;13;17;13;-1
46507;532;542;13;17;13;-1
46512;546;542;13;17;13;-1
46513;560;542;13;17;13;-1
46515;150;326;14;17;14;-1
46516;165;326;14;17;14;-1
46517;574;542;13;17;13;-1
46523;195;326;14;17;14;-1
46524;210;326;14;17;14;-1
46525;225;326;14;17;14;-1
46528;240;326;14;17;14;-1
46532;255;326;14;17;14;-1
46540;270;326;14;17;14;-1
46541;285;326;14;17;14;-1
46543;300;326;14;17;14;-1
46544;144;164;15;17;15;-1
46545;315;326;14;17;14;-1
46552;588;542;13;17;13;-1
46572;345;326;14;17;14;-1
46608;360;326;14;17;14;0
46609;375;326;14;17;14;0
46612;390;326;14;17;14;0
46616;405;326;14;17;14;0
46629;420;326;14;17;14;0
46636;80;164;15;17;15;-1
46644;272;164;15;17;15;-1
46664;435;326;14;17;14;-1
46692;602;542;13;17;13;-1
46696;616;542;13;17;13;-1
46748;465;326;14;17;14;0
46749;480;326;14;17;14;0
46752;495;326;14;17;14;0
46756;510;326;14;17;14;0
46763;525;326;14;17;14;0
46764;540;326;14;17;14;0
46769;555;326;14;17;14;0
46804;570;326;14;17;14;-1
46832;630;542;13;17;13;-1
46836;728;542;13;17;13;-1
46840;742;542;13;17;13;-1
46848;770;542;13;17;13;-1
46849;784;542;13;17;13;-1
46853;812;542;13;17;13;-1
46888;675;326;14;17;14;0
46889;690;326;14;17;14;0
46892;705;326;14;17;14;0
46895;720;326;14;17;14;0
46896;735;326;14;17;14;0
46904;750;326;14;17;14;0
46905;765;326;14;17;14;0
46907;780;326;14;17;14;0
46916;826;542;13;17;13;-1
46920;840;542;13;17;13;-1
46924;854;542;13;17;13;-1
46932;868;542;13;17;13;-1
46933;882;542;13;17;13;-1
46944;896;542;13;17;13;-1
46948;910;542;13;17;13;-1
46952;924;542;13;17;13;-1
46960;938;542;13;17;13;-1
46961;952;542;13;17;13;-1
46963;945;326;14;17;14;-1
46965;966;542;13;17;13;-1
46972;975;326;14;17;14;0
46973;990;326;14;17;14;0
46976;1005;326;14;17;14;0
46980;0;344;14;17;14;0
46988;15;344;14;17;14;0
46989;30;344;14;17;14;0
46991;45;344;14;17;14;0
46992;60;344;14;17;14;0
46993;75;344;14;17;14;0
46994;90;344;14;17;14;0
46998;105;344;14;17;14;0
46999;120;344;14;17;14;0
47000;980;542;13;17;13;0
47001;994;542;13;17;13;0
47004;1008;542;13;17;13;0
47008;0;560;13;17;13;0
47016;84;560;13;17;13;0
47017;98;560;13;17;13;0
47019;112;560;13;17;13;0
47020;240;344;14;17;14;0
47021;126;560;13;17;13;0
47028;270;344;14;17;14;0
47029;285;344;14;17;14;0
47032;300;344;14;17;14;0
47047;315;344;14;17;14;0
47049;330;344;14;17;14;0
47084;273;722;12;17;12;0
47085;286;722;12;17;12;0
47088;299;722;12;17;12;0
47092;312;722;12;17;12;0
47100;351;722;12;17;12;0
47101;377;722;12;17;12;0
47103;140;560;13;17;13;0
47104;450;344;14;17;14;0
47105;533;722;12;17;12;0
47111;154;560;13;17;13;0
47112;168;560;13;17;13;0
47113;182;560;13;17;13;0
47116;196;560;13;17;13;0
47120;224;560;13;17;13;0
47128;266;560;13;17;13;0
47129;280;560;13;17;13;0
47131;294;560;13;17;13;0
47133;308;560;13;17;13;0
47140;585;722;12;17;12;0
47141;598;722;12;17;12;0
47144;624;722;12;17;12;0
47148;637;722;12;17;12;0
47156;676;722;12;17;12;0
47157;689;722;12;17;12;0
47159;322;560;13;17;13;0
47160;720;344;14;17;14;-1
47161;702;722;12;17;12;0
47168;434;560;13;17;13;0
47172;448;560;13;17;13;0
47185;462;560;13;17;13;0
47187;476;560;13;17;13;0
47196;810;344;14;17;14;0
47197;825;344;14;17;14;0
47200;840;344;14;17;14;0
47204;855;344;14;17;14;0
47212;870;344;14;17;14;0
47213;885;344;14;17;14;0
47215;900;344;14;17;14;0
47217;915;344;14;17;14;0
47224;800;164;15;17;15;-1
47228;816;164;15;17;15;-1
47245;832;164;15;17;15;-1
47252;975;344;14;17;14;-1
47272;848;164;15;17;15;-1
47280;490;560;13;17;13;-1
47284;504;560;13;17;13;-1
47288;518;560;13;17;13;-1
47296;532;560;13;17;13;-1
47297;546;560;13;17;13;-1
47299;60;362;14;17;14;-1
47301;560;560;13;17;13;-1
47308;90;362;14;17;14;0
47312;105;362;14;17;14;0
47316;120;362;14;17;14;0
47325;135;362;14;17;14;0
47327;150;362;14;17;14;0
47329;165;362;14;17;14;0
47336;180;362;14;17;14;0
47337;195;362;14;17;14;0
47340;210;362;14;17;14;0
47344;225;362;14;17;14;0
47352;240;362;14;17;14;0
47353;255;362;14;17;14;0
47355;270;362;14;17;14;0
47357;285;362;14;17;14;0
47364;574;560;13;17;13;-1
47384;880;164;15;17;15;-1
47392;330;362;14;17;14;-1
47420;588;560;13;17;13;-1
47421;602;560;13;17;13;-1
47424;616;560;13;17;13;-1
47428;630;560;13;17;13;-1
47436;644;560;13;17;13;-1
47439;420;362;14;17;14;-1
47441;658;560;13;17;13;-1
47448;450;362;14;17;14;0
47449;465;362;14;17;14;0
47452;480;362;14;17;14;0
47456;495;362;14;17;14;0
47464;510;362;14;17;14;0
47465;525;362;14;17;14;0
47467;540;362;14;17;14;0
47469;555;362;14;17;14;0
47476;570;362;14;17;14;0
47477;585;362;14;17;14;0
47480;600;362;14;17;14;0
47484;615;362;14;17;14;0
47492;630;362;14;17;14;0
47493;645;362;14;17;14;0
47495;660;362;14;17;14;0
47497;675;362;14;17;14;0
47498;690;362;14;17;14;0
47501;705;362;14;17;14;0
47502;720;362;14;17;14;0
47532;715;722;12;17;12;0
47533;728;722;12;17;12;0
47536;741;722;12;17;12;0
47540;754;722;12;17;12;0
47548;793;722;12;17;12;0
47549;234;722;12;17;12;0
47551;672;560;13;17;13;0
47553;832;722;12;17;12;0
47560;855;362;14;17;14;0
47561;870;362;14;17;14;0
47564;885;362;14;17;14;0
47566;900;362;14;17;14;0
47567;915;362;14;17;14;0
47568;930;362;14;17;14;0
47569;330;434;14;17;14;0
47570;375;434;14;17;14;0
47576;390;434;14;17;14;0
47577;600;434;14;17;14;0
47579;795;434;14;17;14;0
47581;255;452;14;17;14;0
47582;285;452;14;17;14;0
47585;525;452;14;17;14;0
47587;540;452;14;17;14;0
47588;686;560;13;17;13;0
47589;700;560;13;17;13;0
47592;714;560;13;17;13;0
47596;728;560;13;17;13;0
47604;742;560;13;17;13;0
47605;756;560;13;17;13;0
47607;770;560;13;17;13;0
47608;255;488;14;17;14;0
47609;784;560;13;17;13;0
47610;798;560;13;17;13;0
47616;435;488;14;17;14;0
47617;810;488;14;17;14;0
47624;240;506;14;17;14;0
47637;480;506;14;17;14;0
47672;819;722;12;17;12;0
47673;806;722;12;17;12;0
47676;663;722;12;17;12;0
47680;650;722;12;17;12;0
47682;611;722;12;17;12;0
47688;494;722;12;17;12;0
47689;481;722;12;17;12;0
47691;812;560;13;17;13;0
47693;468;722;12;17;12;0
47694;910;560;13;17;13;0
47699;924;560;13;17;13;0
47700;952;560;13;17;13;0
47701;966;560;13;17;13;0
47704;980;560;13;17;13;0
47708;994;560;13;17;13;0
47716;1008;560;13;17;13;0
47717;0;578;13;17;13;0
47719;14;578;13;17;13;0
47720;645;218;14;17;14;0
47721;28;578;13;17;13;0
47728;156;722;12;17;12;0
47729;130;722;12;17;12;0
47732;561;704;12;17;12;0
47736;483;704;12;17;12;0
47747;70;578;13;17;13;0
47748;765;218;14;17;14;-1
47749;470;704;12;17;12;0
47751;84;578;13;17;13;0
47756;98;578;13;17;13;0
47784;15;236;14;17;14;0
47785;30;236;14;17;14;0
47787;45;236;14;17;14;0
47788;60;236;14;17;14;0
47792;75;236;14;17;14;0
47794;90;236;14;17;14;0
47800;105;236;14;17;14;0
47801;135;236;14;17;14;0
47803;300;236;14;17;14;0
47805;315;236;14;17;14;0
47812;768;146;15;17;15;-1
47816;816;146;15;17;15;-1
47832;832;146;15;17;15;-1
47833;848;146;15;17;15;-1
47868;112;578;13;17;13;-1
47872;126;578;13;17;13;-1
47876;140;578;13;17;13;-1
47885;154;578;13;17;13;-1
47887;450;236;14;17;14;-1
47889;168;578;13;17;13;-1
47896;720;236;14;17;14;0
47900;735;236;14;17;14;0
47904;750;236;14;17;14;0
47913;765;236;14;17;14;0
47915;780;236;14;17;14;0
47924;795;236;14;17;14;0
47925;975;236;14;17;14;0
47926;990;236;14;17;14;0
47928;1005;236;14;17;14;0
47931;90;254;14;17;14;0
47932;105;254;14;17;14;0
47933;120;254;14;17;14;0
47934;135;254;14;17;14;0
47940;150;254;14;17;14;0
47941;360;254;14;17;14;0
47943;375;254;14;17;14;0
47945;390;254;14;17;14;0
47949;405;254;14;17;14;0
47951;420;254;14;17;14;0
47952;182;578;13;17;13;-1
47956;196;578;13;17;13;-1
47960;210;578;13;17;13;-1
47969;224;578;13;17;13;-1
47971;690;254;14;17;14;-1
47980;705;254;14;17;14;-1
48008;238;578;13;17;13;-1
48012;252;578;13;17;13;-1
48016;266;578;13;17;13;-1
48036;750;254;14;17;14;0
48040;885;254;14;17;14;0
48044;990;254;14;17;14;0
48052;15;272;14;17;14;0
48055;30;272;14;17;14;0
48064;45;272;14;17;14;0
48068;60;272;14;17;14;0
48072;75;272;14;17;14;0
48080;90;272;14;17;14;0
48083;105;272;14;17;14;0
48120;457;704;12;17;12;0
48121;444;704;12;17;12;0
48124;236;704;12;17;12;0
48127;210;704;12;17;12;0
48128;197;704;12;17;12;0
48130;184;704;12;17;12;0
48136;171;704;12;17;12;0
48137;158;704;12;17;12;0
48139;280;578;13;17;13;0
48140;750;272;14;17;14;-1
48141;132;704;12;17;12;0
48143;364;578;13;17;13;0
48145;28;704;12;17;12;0
48148;795;272;14;17;14;0
48149;810;272;14;17;14;0
48150;75;290;14;17;14;0
48151;90;290;14;17;14;0
48152;105;290;14;17;14;0
48155;210;290;14;17;14;0
48156;510;290;14;17;14;0
48157;525;290;14;17;14;0
48158;540;290;14;17;14;0
48159;555;290;14;17;14;0
48164;570;290;14;17;14;0
48165;585;290;14;17;14;0
48167;600;290;14;17;14;0
48169;630;290;14;17;14;0
48173;810;290;14;17;14;0
48176;392;578;13;17;13;0
48177;406;578;13;17;13;0
48180;420;578;13;17;13;0
48184;434;578;13;17;13;0
48192;448;578;13;17;13;0
48193;462;578;13;17;13;0
48195;476;578;13;17;13;0
48196;930;290;14;17;14;0
48197;490;578;13;17;13;0
48201;504;578;13;17;13;0
48204;15;308;14;17;14;0
48205;240;308;14;17;14;0
48208;255;308;14;17;14;0
48221;270;308;14;17;14;0
48260;117;740;12;17;12;0
48261;0;740;12;17;12;0
48264;1001;722;12;17;12;0
48267;988;722;12;17;12;0
48268;975;722;12;17;12;0
48270;767;722;12;17;12;0
48276;208;722;12;17;12;0
48277;195;722;12;17;12;0
48279;518;578;13;17;13;0
48281;951;704;12;17;12;0
48282;546;578;13;17;13;0
48288;560;578;13;17;13;0
48289;574;578;13;17;13;0
48292;658;578;13;17;13;0
48295;686;578;13;17;13;0
48296;700;578;13;17;13;0
48304;714;578;13;17;13;0
48305;728;578;13;17;13;0
48307;742;578;13;17;13;0
48308;180;326;14;17;14;0
48309;756;578;13;17;13;0
48316;782;704;12;17;12;0
48317;769;704;12;17;12;0
48320;845;722;12;17;12;0
48324;455;722;12;17;12;0
48333;442;722;12;17;12;0
48335;770;578;13;17;13;0
48336;645;326;14;17;14;-1
48337;117;722;12;17;12;0
48341;104;722;12;17;12;0
48344;784;578;13;17;13;0
48348;798;578;13;17;13;0
48372;840;326;14;17;14;0
48373;855;326;14;17;14;0
48374;870;326;14;17;14;0
48376;885;326;14;17;14;0
48380;900;326;14;17;14;0
48388;915;326;14;17;14;0
48389;930;326;14;17;14;0
48391;960;326;14;17;14;0
48393;135;344;14;17;14;0
48400;688;164;15;17;15;-1
48404;704;164;15;17;15;-1
48420;720;164;15;17;15;-1
48428;195;344;14;17;14;-1
48448;736;164;15;17;15;-1
48456;812;578;13;17;13;-1
48457;826;578;13;17;13;-1
48460;840;578;13;17;13;-1
48464;854;578;13;17;13;-1
48472;980;578;13;17;13;-1
48473;1008;578;13;17;13;-1
48484;525;344;14;17;14;0
48488;540;344;14;17;14;0
48512;555;344;14;17;14;0
48513;570;344;14;17;14;0
48516;585;344;14;17;14;0
48519;600;344;14;17;14;0
48520;705;344;14;17;14;0
48521;750;344;14;17;14;0
48522;765;344;14;17;14;0
48528;780;344;14;17;14;0
48529;795;344;14;17;14;0
48531;1005;344;14;17;14;0
48533;0;362;14;17;14;0
48537;15;362;14;17;14;0
48538;30;362;14;17;14;0
48540;0;596;13;17;13;-1
48548;14;596;13;17;13;-1
48560;864;164;15;17;15;-1
48568;345;362;14;17;14;-1
48596;28;596;13;17;13;-1
48597;42;596;13;17;13;-1
48600;56;596;13;17;13;-1
48604;70;596;13;17;13;-1
48617;84;596;13;17;13;-1
48624;825;362;14;17;14;0
48628;885;452;14;17;14;0
48632;900;452;14;17;14;0
48640;180;488;14;17;14;0
48643;195;488;14;17;14;0
48645;210;488;14;17;14;0
48652;225;488;14;17;14;0
48653;240;488;14;17;14;0
48656;270;488;14;17;14;0
48660;660;236;14;17;14;0
48668;976;200;14;17;14;0
48669;330;218;14;17;14;0
48671;345;218;14;17;14;0
48708;91;722;12;17;12;0
48709;78;722;12;17;12;0
48712;65;722;12;17;12;0
48716;52;722;12;17;12;0
48718;652;704;12;17;12;0
48724;535;704;12;17;12;0
48725;522;704;12;17;12;0
48727;98;596;13;17;13;0
48729;496;704;12;17;12;0
48730;112;596;13;17;13;0
48731;126;596;13;17;13;0
48736;864;146;15;17;15;-1
48737;912;146;15;17;15;-1
48740;208;164;15;17;15;-1
48744;224;164;15;17;15;-1
48746;77;128;15;17;15;-1
48752;701;128;15;17;15;-1
48753;733;128;15;17;15;-1
48755;256;146;15;17;15;-1
48756;272;146;15;17;15;-1
48757;624;146;15;17;15;-1
48763;640;146;15;17;15;-1
48764;720;254;14;17;14;-1
48765;480;272;14;17;14;-1
48768;780;272;14;17;14;-1
48772;840;290;14;17;14;-1
48780;870;290;14;17;14;-1
48781;885;290;14;17;14;-1
48783;900;290;14;17;14;-1
48784;765;128;15;17;15;-1
48785;915;290;14;17;14;-1
48792;813;128;15;17;15;-1
48793;877;128;15;17;15;-1
48808;224;146;15;17;15;-1
48848;140;596;13;17;13;-1
48849;154;596;13;17;13;-1
48852;168;596;13;17;13;-1
48855;182;596;13;17;13;-1
48856;196;596;13;17;13;-1
48864;210;596;13;17;13;-1
48867;90;326;14;17;14;-1
48868;105;326;14;17;14;-1
48869;224;596;13;17;13;-1
48876;135;326;14;17;14;-1
48897;330;326;14;17;14;-1
48904;238;596;13;17;13;-1
48905;252;596;13;17;13;-1
48920;364;596;13;17;13;-1
48921;378;596;13;17;13;-1
48923;255;344;14;17;14;-1
48924;435;344;14;17;14;-1
48925;406;596;13;17;13;-1
48960;495;344;14;17;14;0
48961;510;344;14;17;14;0
48964;45;362;14;17;14;0
48968;75;362;14;17;14;0
48976;360;362;14;17;14;0
48977;375;362;14;17;14;0
48981;390;362;14;17;14;0
49044;420;596;13;17;13;-1
49072;435;362;14;17;14;0
49093;660;218;14;17;14;0
49100;1005;218;14;17;14;0
49101;0;236;14;17;14;0
49104;795;308;14;17;14;0
49108;915;308;14;17;14;0
49116;30;326;14;17;14;0
49119;45;326;14;17;14;0
49121;60;326;14;17;14;0
49212;75;326;14;17;14;0
49233;120;326;14;17;14;0
49240;630;326;14;17;14;0
49244;810;326;14;17;14;0
49248;825;326;14;17;14;0
49256;225;344;14;17;14;0
49257;480;344;14;17;14;0
49296;434;596;13;17;13;-1
49297;448;596;13;17;13;-1
49300;462;596;13;17;13;-1
49304;476;596;13;17;13;-1
49312;490;596;13;17;13;-1
49313;504;596;13;17;13;-1
49315;405;362;14;17;14;-1
49317;588;596;13;17;13;-1
49324;477;128;15;17;15;-1
49325;61;128;15;17;15;-1
49327;45;128;15;17;15;-1
49328;800;146;15;17;15;-1
49331;752;146;15;17;15;-1
49332;736;146;15;17;15;-1
49333;720;146;15;17;15;-1
49334;656;146;15;17;15;-1
49340;672;164;15;17;15;-1
49341;656;164;15;17;15;-1
49343;640;164;15;17;15;-1
49344;624;164;15;17;15;-1
49345;608;164;15;17;15;-1
49349;64;164;15;17;15;-1
49352;450;326;14;17;14;-1
49353;885;308;14;17;14;-1
49356;555;308;14;17;14;-1
49360;525;308;14;17;14;-1
49368;510;308;14;17;14;-1
49369;495;308;14;17;14;-1
49371;480;308;14;17;14;-1
49372;93;128;15;17;15;-1
49373;285;308;14;17;14;-1
49380;941;128;15;17;15;-1
49381;544;146;15;17;15;-1
49384;208;146;15;17;15;-1
49388;509;128;15;17;15;-1
49396;493;128;15;17;15;-1
49397;461;128;15;17;15;-1
49399;445;128;15;17;15;-1
49401;288;146;15;17;15;-1
49408;300;272;14;17;14;-1
49412;150;272;14;17;14;-1
49416;120;272;14;17;14;-1
49424;780;218;14;17;14;-1
49429;750;218;14;17;14;-1
49436;602;596;13;17;13;-1
49437;630;596;13;17;13;-1
49438;644;596;13;17;13;-1
49439;735;218;14;17;14;-1
49440;658;596;13;17;13;-1
49443;672;596;13;17;13;-1
49444;686;596;13;17;13;-1
49446;700;596;13;17;13;-1
49447;714;596;13;17;13;-1
49452;728;596;13;17;13;-1
49453;742;596;13;17;13;-1
49455;720;218;14;17;14;-1
49456;675;218;14;17;14;-1
49457;756;596;13;17;13;-1
49462;770;596;13;17;13;-1
49464;991;200;14;17;14;-1
49465;960;506;14;17;14;-1
49468;945;506;14;17;14;-1
49472;930;506;14;17;14;-1
49480;915;506;14;17;14;-1
49481;525;506;14;17;14;-1
49483;510;506;14;17;14;-1
49484;845;128;15;17;15;-1
49485;840;362;14;17;14;-1
49492;784;596;13;17;13;-1
49493;798;596;13;17;13;-1
49496;812;596;13;17;13;-1
49500;826;596;13;17;13;-1
49508;840;596;13;17;13;-1
49509;854;596;13;17;13;-1
49511;810;362;14;17;14;-1
49512;795;362;14;17;14;-1
49513;896;596;13;17;13;-1
49520;780;362;14;17;14;-1
49524;765;362;14;17;14;-1
49528;750;362;14;17;14;-1
49541;735;362;14;17;14;-1
49548;735;344;14;17;14;0
49549;690;344;14;17;14;0
49550;675;344;14;17;14;0
49552;660;344;14;17;14;0
49556;645;344;14;17;14;0
49558;630;344;14;17;14;0
49564;615;344;14;17;14;0
49565;465;344;14;17;14;0
49567;420;344;14;17;14;0
49569;405;344;14;17;14;0
49573;390;344;14;17;14;0
49576;784;164;15;17;15;-1
49577;768;164;15;17;15;-1
49580;752;164;15;17;15;-1
49584;192;164;15;17;15;-1
49597;96;164;15;17;15;-1
49604;870;308;14;17;14;-1
49608;855;308;14;17;14;-1
49612;840;308;14;17;14;-1
49620;825;308;14;17;14;-1
49623;810;308;14;17;14;-1
49624;909;128;15;17;15;-1
49632;910;596;13;17;13;-1
49636;924;596;13;17;13;-1
49640;938;596;13;17;13;-1
49648;952;596;13;17;13;-1
49649;966;596;13;17;13;-1
49651;0;308;14;17;14;-1
49660;990;290;14;17;14;0
49661;975;290;14;17;14;0
49664;960;290;14;17;14;0
49668;855;290;14;17;14;0
49676;825;290;14;17;14;0
49677;795;290;14;17;14;0
49679;780;290;14;17;14;0
49681;765;290;14;17;14;0
49688;750;290;14;17;14;0
49689;735;290;14;17;14;0
49692;720;290;14;17;14;0
49695;705;290;14;17;14;0
49696;690;290;14;17;14;0
49704;675;290;14;17;14;0
49705;660;290;14;17;14;0
49707;240;290;14;17;14;0
49709;225;290;14;17;14;0
49711;195;290;14;17;14;0
49713;180;290;14;17;14;0
49714;165;290;14;17;14;0
49716;980;596;13;17;13;-1
49736;925;128;15;17;15;-1
49744;150;290;14;17;14;-1
49745;135;290;14;17;14;-1
49748;120;290;14;17;14;-1
49752;285;272;14;17;14;-1
49760;270;272;14;17;14;-1
49765;240;272;14;17;14;-1
49772;994;596;13;17;13;-1
49773;1008;596;13;17;13;-1
49776;56;614;13;17;13;-1
49780;70;614;13;17;13;-1
49788;168;614;13;17;13;-1
49789;196;614;13;17;13;-1
49791;225;272;14;17;14;-1
49793;210;614;13;17;13;-1
49800;210;272;14;17;14;0
49801;195;272;14;17;14;0
49808;180;272;14;17;14;0
49816;165;272;14;17;14;0
49819;0;272;14;17;14;0
49821;975;254;14;17;14;0
49828;960;254;14;17;14;0
49829;945;254;14;17;14;0
49832;930;254;14;17;14;0
49836;915;254;14;17;14;0
49837;900;254;14;17;14;0
49844;870;254;14;17;14;0
49845;855;254;14;17;14;0
49847;915;452;14;17;14;0
49849;480;452;14;17;14;0
49884;224;614;13;17;13;-1
49885;238;614;13;17;13;-1
49888;252;614;13;17;13;-1
49891;266;614;13;17;13;-1
49892;280;614;13;17;13;-1
49899;360;452;14;17;14;-1
49900;294;614;13;17;13;-1
49901;308;614;13;17;13;-1
49903;345;452;14;17;14;-1
49905;322;614;13;17;13;-1
49910;336;614;13;17;13;-1
49912;48;164;15;17;15;-1
49913;32;164;15;17;15;-1
49915;16;164;15;17;15;-1
49916;0;164;15;17;15;-1
49920;1008;146;15;17;15;-1
49928;992;146;15;17;15;-1
49929;976;146;15;17;15;-1
49932;960;146;15;17;15;-1
49933;944;146;15;17;15;-1
49939;928;146;15;17;15;-1
49940;330;452;14;17;14;-1
49941;315;452;14;17;14;-1
49944;300;452;14;17;14;-1
49948;270;452;14;17;14;-1
49956;1005;434;14;17;14;-1
49957;825;434;14;17;14;-1
49960;784;146;15;17;15;-1
49961;780;434;14;17;14;-1
49968;704;146;15;17;15;-1
49989;688;146;15;17;15;-1
50024;434;614;13;17;13;-1
50025;462;614;13;17;13;-1
50028;476;614;13;17;13;-1
50032;490;614;13;17;13;-1
50034;504;614;13;17;13;-1
50040;518;614;13;17;13;-1
50041;532;614;13;17;13;-1
50044;672;146;15;17;15;-1
50045;546;614;13;17;13;-1
50052;435;434;14;17;14;-1
50056;420;434;14;17;14;-1
50060;405;434;14;17;14;-1
50108;360;434;14;17;14;-1
50112;210;434;14;17;14;-1
50136;195;434;14;17;14;0
50137;180;434;14;17;14;0
50140;165;434;14;17;14;0
50143;150;434;14;17;14;0
50144;135;434;14;17;14;0
50146;120;434;14;17;14;0
50152;105;434;14;17;14;0
50153;90;434;14;17;14;0
50157;75;434;14;17;14;0
50164;384;146;15;17;15;-1
50165;368;146;15;17;15;-1
50168;352;146;15;17;15;-1
50184;336;146;15;17;15;-1
50192;60;434;14;17;14;-1
50212;304;146;15;17;15;-1
50220;560;614;13;17;13;-1
50224;574;614;13;17;13;-1
50228;588;614;13;17;13;-1
50236;700;614;13;17;13;-1
50237;728;614;13;17;13;-1
50248;960;416;14;17;14;0
50276;810;416;14;17;14;0
50277;780;416;14;17;14;0
50280;765;416;14;17;14;0
50284;750;416;14;17;14;0
50292;735;416;14;17;14;0
50293;510;416;14;17;14;0
50297;495;416;14;17;14;0
50304;742;614;13;17;13;-1
50324;160;146;15;17;15;-1
50332;480;416;14;17;14;-1
50360;770;614;13;17;13;-1
50364;910;614;13;17;13;-1
50388;450;416;14;17;14;0
50409;330;416;14;17;14;0
50416;315;416;14;17;14;0
50417;300;416;14;17;14;0
50420;285;416;14;17;14;0
50424;270;416;14;17;14;0
50426;255;416;14;17;14;0
50431;240;416;14;17;14;0
50432;225;416;14;17;14;0
50433;210;416;14;17;14;0
50444;952;614;13;17;13;-1
50448;966;614;13;17;13;-1
50452;980;614;13;17;13;-1
50460;994;614;13;17;13;-1
50472;1008;614;13;17;13;-1
50473;0;632;13;17;13;-1
50476;14;632;13;17;13;-1
50480;28;632;13;17;13;-1
50488;42;632;13;17;13;-1
50489;56;632;13;17;13;-1
50491;195;416;14;17;14;-1
50493;70;632;13;17;13;-1
50500;180;416;14;17;14;0
50501;945;398;14;17;14;0
50504;690;398;14;17;14;0
50505;660;398;14;17;14;0
50506;645;398;14;17;14;0
50508;630;398;14;17;14;0
50509;615;398;14;17;14;0
50510;600;398;14;17;14;0
50515;585;398;14;17;14;0
50516;375;398;14;17;14;0
50517;165;398;14;17;14;0
50519;150;398;14;17;14;0
50520;135;398;14;17;14;0
50521;120;398;14;17;14;0
50525;105;398;14;17;14;0
50526;90;398;14;17;14;0
50528;84;632;13;17;13;0
50529;126;632;13;17;13;0
50532;154;632;13;17;13;0
50536;168;632;13;17;13;0
50544;182;632;13;17;13;0
50545;196;632;13;17;13;0
50547;210;632;13;17;13;0
50548;75;398;14;17;14;0
50549;224;632;13;17;13;0
50556;45;398;14;17;14;0
50557;945;380;14;17;14;0
50560;930;380;14;17;14;0
50564;915;380;14;17;14;0
50567;900;380;14;17;14;0
50572;885;380;14;17;14;0
50573;870;380;14;17;14;0
50575;855;380;14;17;14;0
50577;840;380;14;17;14;0
50581;825;380;14;17;14;0
50583;810;380;14;17;14;0
50584;238;632;13;17;13;0
50588;252;632;13;17;13;0
50592;266;632;13;17;13;0
50601;294;632;13;17;13;0
50612;572;722;12;17;12;0
50613;559;722;12;17;12;0
50616;546;722;12;17;12;0
50617;308;632;13;17;13;0
50619;520;722;12;17;12;0
50620;507;722;12;17;12;0
50621;429;722;12;17;12;0
50622;416;722;12;17;12;0
50628;403;722;12;17;12;0
50629;390;722;12;17;12;0
50630;795;380;14;17;14;0
50631;420;632;13;17;13;0
50632;780;380;14;17;14;0
50633;364;722;12;17;12;0
50634;434;632;13;17;13;0
50636;338;722;12;17;12;0
50638;325;722;12;17;12;0
50640;448;632;13;17;13;0
50641;462;632;13;17;13;0
50644;476;632;13;17;13;0
50648;490;632;13;17;13;0
50656;504;632;13;17;13;0
50657;518;632;13;17;13;0
50659;532;632;13;17;13;0
50661;546;632;13;17;13;0
50668;717;704;12;17;12;0
50669;704;704;12;17;12;0
50670;691;704;12;17;12;0
50672;678;704;12;17;12;0
50676;548;704;12;17;12;0
50678;431;704;12;17;12;0
50679;418;704;12;17;12;0
50684;858;722;12;17;12;0
50685;871;722;12;17;12;0
50686;765;380;14;17;14;0
50687;560;632;13;17;13;0
50688;240;380;14;17;14;-1
50689;897;722;12;17;12;0
50693;910;722;12;17;12;0
50694;923;722;12;17;12;0
50695;574;632;13;17;13;0
50696;588;632;13;17;13;0
50700;602;632;13;17;13;0
50704;700;632;13;17;13;0
50712;714;632;13;17;13;0
50713;728;632;13;17;13;0
50715;742;632;13;17;13;0
50716;315;362;14;17;14;0
50724;300;362;14;17;14;0
50725;990;344;14;17;14;0
50728;960;344;14;17;14;0
50732;945;344;14;17;14;0
50733;930;344;14;17;14;0
50734;375;344;14;17;14;0
50736;360;344;14;17;14;0
50739;345;344;14;17;14;0
50740;210;344;14;17;14;0
50741;180;344;14;17;14;0
50743;165;344;14;17;14;0
50745;150;344;14;17;14;0
50747;795;326;14;17;14;0
50752;237;128;15;17;15;-1
50753;221;128;15;17;15;-1
50756;205;128;15;17;15;-1
50760;189;128;15;17;15;-1
50768;173;128;15;17;15;-1
50769;157;128;15;17;15;-1
50771;141;128;15;17;15;-1
50772;125;128;15;17;15;-1
50773;109;128;15;17;15;-1
50780;660;326;14;17;14;-1
50781;615;326;14;17;14;-1
50784;600;326;14;17;14;-1
50796;585;326;14;17;14;-1
50799;945;362;14;17;14;-1
50801;960;362;14;17;14;-1
50808;784;632;13;17;13;-1
50809;798;632;13;17;13;-1
50812;812;632;13;17;13;-1
50816;826;632;13;17;13;-1
50824;840;632;13;17;13;-1
50825;854;632;13;17;13;-1
50827;975;362;14;17;14;-1
50829;882;632;13;17;13;-1
50836;990;362;14;17;14;0
50837;1005;362;14;17;14;0
50840;0;380;14;17;14;0
50844;15;380;14;17;14;0
50852;30;380;14;17;14;0
50853;45;380;14;17;14;0
50855;60;380;14;17;14;0
50857;75;380;14;17;14;0
50864;90;380;14;17;14;0
50865;105;380;14;17;14;0
50868;120;380;14;17;14;0
50872;135;380;14;17;14;0
50873;150;380;14;17;14;0
50874;165;380;14;17;14;0
50880;180;380;14;17;14;0
50881;195;380;14;17;14;0
50883;210;380;14;17;14;0
50885;225;380;14;17;14;0
50892;224;650;13;17;13;-1
50893;308;650;13;17;13;-1
50896;322;650;13;17;13;-1
50900;145;704;12;17;12;0
50908;336;650;13;17;13;-1
50909;350;650;13;17;13;-1
50912;896;164;15;17;15;-1
50913;378;650;13;17;13;-1
50920;255;380;14;17;14;-1
50921;270;380;14;17;14;-1
50924;285;380;14;17;14;-1
50928;300;380;14;17;14;-1
50936;315;380;14;17;14;-1
50937;330;380;14;17;14;-1
50941;345;380;14;17;14;-1
50948;490;650;13;17;13;-1
50949;504;650;13;17;13;-1
50952;546;650;13;17;13;-1
50956;560;650;13;17;13;-1
50964;574;650;13;17;13;-1
50965;588;650;13;17;13;-1
50967;360;380;14;17;14;-1
50969;616;650;13;17;13;-1
50976;375;380;14;17;14;0
50977;390;380;14;17;14;0
50980;405;380;14;17;14;0
50984;420;380;14;17;14;0
50992;435;380;14;17;14;0
50993;450;380;14;17;14;0
50995;465;380;14;17;14;0
50997;480;380;14;17;14;0
50999;495;380;14;17;14;0
51004;510;380;14;17;14;0
51005;525;380;14;17;14;0
51008;540;380;14;17;14;0
51012;555;380;14;17;14;0
51018;570;380;14;17;14;0
51020;585;380;14;17;14;0
51021;600;380;14;17;14;0
51023;615;380;14;17;14;0
51025;630;380;14;17;14;0
51026;645;380;14;17;14;0
51027;660;380;14;17;14;0
51028;675;380;14;17;14;0
51029;690;380;14;17;14;0
51030;705;380;14;17;14;0
51031;720;380;14;17;14;0
51032;112;668;13;17;13;-1
51036;126;668;13;17;13;-1
51040;140;668;13;17;13;-1
51048;154;668;13;17;13;-1
51051;735;380;14;17;14;-1
51060;873;704;12;17;12;0
51061;886;704;12;17;12;0
51064;899;704;12;17;12;0
51068;912;704;12;17;12;0
51069;925;704;12;17;12;0
51070;938;704;12;17;12;0
51075;182;668;13;17;13;0
51076;964;704;12;17;12;0
51077;977;704;12;17;12;0
51079;196;668;13;17;13;0
51080;750;380;14;17;14;0
51081;0;722;12;17;12;0
51082;224;668;13;17;13;0
51086;26;722;12;17;12;0
51088;912;164;15;17;15;-1
51089;928;164;15;17;15;-1
51092;944;164;15;17;15;-1
51094;960;164;15;17;15;-1
51095;976;164;15;17;15;-1
51096;992;164;15;17;15;-1
51098;1008;164;15;17;15;-1
51104;0;182;15;17;15;-1
51105;16;182;15;17;15;-1
51107;32;182;15;17;15;-1
51108;48;182;15;17;15;-1
51109;64;182;15;17;15;-1
51110;80;182;15;17;15;-1
51116;960;380;14;17;14;-1
51117;975;380;14;17;14;-1
51120;990;380;14;17;14;-1
51124;1005;380;14;17;14;-1
51132;0;398;14;17;14;-1
51133;15;398;14;17;14;-1
51135;30;398;14;17;14;-1
51136;96;182;15;17;15;-1
51137;60;398;14;17;14;-1
51144;112;182;15;17;15;-1
51145;128;182;15;17;15;-1
51148;144;182;15;17;15;-1
51150;160;182;15;17;15;-1
51152;176;182;15;17;15;-1
51160;192;182;15;17;15;-1
51165;208;182;15;17;15;-1
51172;180;398;14;17;14;-1
51176;195;398;14;17;14;-1
51180;210;398;14;17;14;-1
51200;896;668;13;17;13;-1
51201;910;668;13;17;13;-1
51204;924;668;13;17;13;-1
51208;938;668;13;17;13;-1
51210;952;668;13;17;13;-1
51216;966;668;13;17;13;-1
51217;980;668;13;17;13;-1
51219;225;398;14;17;14;-1
51221;1008;668;13;17;13;-1
51222;240;398;14;17;14;-1
51228;255;398;14;17;14;-1
51229;270;398;14;17;14;-1
51232;285;398;14;17;14;-1
51236;300;398;14;17;14;-1
51244;315;398;14;17;14;-1
51245;330;398;14;17;14;-1
51247;345;398;14;17;14;-1
51249;360;398;14;17;14;-1
51256;210;686;13;17;13;-1
51260;224;686;13;17;13;-1
51264;238;686;13;17;13;-1
51272;252;686;13;17;13;-1
51273;266;686;13;17;13;-1
51276;224;182;15;17;15;-1
51277;294;686;13;17;13;-1
51284;390;398;14;17;14;-1
51312;405;398;14;17;14;0
51313;420;398;14;17;14;0
51316;435;398;14;17;14;0
51320;450;398;14;17;14;0
51322;465;398;14;17;14;0
51328;480;398;14;17;14;0
51329;495;398;14;17;14;0
51331;510;398;14;17;14;0
51333;525;398;14;17;14;0
51334;540;398;14;17;14;0
51335;555;398;14;17;14;0
51339;570;398;14;17;14;0
51340;240;182;15;17;15;-1
51341;256;182;15;17;15;-1
51348;272;182;15;17;15;-1
51357;288;182;15;17;15;-1
51359;304;182;15;17;15;-1
51361;320;182;15;17;15;-1
51368;675;398;14;17;14;-1
51388;336;182;15;17;15;-1
51389;705;398;14;17;14;-1
51396;784;686;13;17;13;-1
51400;798;686;13;17;13;-1
51404;812;686;13;17;13;-1
51412;826;686;13;17;13;-1
51413;840;686;13;17;13;-1
51415;720;398;14;17;14;-1
51417;14;704;13;17;13;-1
51424;735;398;14;17;14;0
51425;750;398;14;17;14;0
51428;765;398;14;17;14;0
51445;780;398;14;17;14;0
51452;795;398;14;17;14;0
51453;810;398;14;17;14;0
51456;825;398;14;17;14;0
51460;840;398;14;17;14;0
51461;855;398;14;17;14;0
51462;870;398;14;17;14;0
51468;885;398;14;17;14;0
51469;900;398;14;17;14;0
51471;915;398;14;17;14;0
51473;930;398;14;17;14;0
51480;856;524;13;17;13;-1
51500;352;182;15;17;15;-1
51508;960;398;14;17;14;-1
51536;898;524;13;17;13;-1
51537;912;524;13;17;13;-1
51540;926;524;13;17;13;-1
51544;940;524;13;17;13;-1
51552;954;524;13;17;13;-1
51553;968;524;13;17;13;-1
51555;975;398;14;17;14;-1
51564;990;398;14;17;14;0
51568;1005;398;14;17;14;0
51572;0;416;14;17;14;0
51580;15;416;14;17;14;0
51592;30;416;14;17;14;0
51593;45;416;14;17;14;0
51596;60;416;14;17;14;0
51600;75;416;14;17;14;0
51608;90;416;14;17;14;0
51609;105;416;14;17;14;0
51611;120;416;14;17;14;0
51613;135;416;14;17;14;0
51648;140;542;13;17;13;-1
51649;154;542;13;17;13;-1
51652;168;542;13;17;13;-1
51655;182;542;13;17;13;-1
51656;196;542;13;17;13;-1
51658;210;542;13;17;13;-1
51664;224;542;13;17;13;-1
51665;238;542;13;17;13;-1
51667;150;416;14;17;14;-1
51669;266;542;13;17;13;-1
51670;165;416;14;17;14;-1
51673;294;542;13;17;13;-1
51674;308;542;13;17;13;-1
51676;368;182;15;17;15;-1
51677;384;182;15;17;15;-1
51680;400;182;15;17;15;-1
51682;416;182;15;17;15;-1
51684;432;182;15;17;15;-1
51687;448;182;15;17;15;-1
51692;464;182;15;17;15;-1
51693;480;182;15;17;15;-1
51695;496;182;15;17;15;-1
51696;512;182;15;17;15;-1
51697;528;182;15;17;15;-1
51704;345;416;14;17;14;-1
51705;360;416;14;17;14;-1
51708;375;416;14;17;14;-1
51712;390;416;14;17;14;-1
51720;405;416;14;17;14;-1
51721;420;416;14;17;14;-1
51723;435;416;14;17;14;-1
51724;544;182;15;17;15;-1
51725;465;416;14;17;14;-1
51732;560;182;15;17;15;-1
51736;576;182;15;17;15;-1
51753;592;182;15;17;15;-1
51788;644;542;13;17;13;-1
51789;658;542;13;17;13;-1
51792;672;542;13;17;13;-1
51796;686;542;13;17;13;-1
51804;700;542;13;17;13;-1
51805;714;542;13;17;13;-1
51807;525;416;14;17;14;-1
51808;540;416;14;17;14;-1
51809;756;542;13;17;13;-1
51816;555;416;14;17;14;-1
51837;570;416;14;17;14;-1
51844;798;542;13;17;13;-1
51864;585;416;14;17;14;-1
51900;600;416;14;17;14;0
51901;615;416;14;17;14;0
51904;630;416;14;17;14;0
51908;645;416;14;17;14;0
51916;660;416;14;17;14;0
51917;675;416;14;17;14;0
51919;690;416;14;17;14;0
51921;705;416;14;17;14;0
51923;720;416;14;17;14;0
51928;608;182;15;17;15;-1
51929;624;182;15;17;15;-1
51936;640;182;15;17;15;-1
51948;656;182;15;17;15;-1
51956;795;416;14;17;14;-1
51976;672;182;15;17;15;-1
51984;14;560;13;17;13;-1
51988;28;560;13;17;13;-1
51992;42;560;13;17;13;-1
52000;56;560;13;17;13;-1
52001;70;560;13;17;13;-1
52012;825;416;14;17;14;0
52033;840;416;14;17;14;0
52040;855;416;14;17;14;0
52041;870;416;14;17;14;0
52044;885;416;14;17;14;0
52048;900;416;14;17;14;0
52056;915;416;14;17;14;0
52057;930;416;14;17;14;0
52061;945;416;14;17;14;0
52068;210;560;13;17;13;-1
52088;688;182;15;17;15;-1
52089;238;560;13;17;13;-1
52124;252;560;13;17;13;-1
52152;975;416;14;17;14;0
52180;990;416;14;17;14;0
52196;1005;416;14;17;14;0
52199;0;434;14;17;14;0
52201;15;434;14;17;14;0
52236;336;560;13;17;13;-1
52237;350;560;13;17;13;-1
52240;364;560;13;17;13;-1
52244;378;560;13;17;13;-1
52252;392;560;13;17;13;-1
52253;406;560;13;17;13;-1
52257;420;560;13;17;13;-1
52258;30;434;14;17;14;-1
52263;45;434;14;17;14;-1
52264;704;182;15;17;15;-1
52265;720;182;15;17;15;-1
52268;736;182;15;17;15;-1
52270;752;182;15;17;15;-1
52272;768;182;15;17;15;-1
52280;784;182;15;17;15;-1
52281;800;182;15;17;15;-1
52283;816;182;15;17;15;-1
52284;832;182;15;17;15;-1
52285;848;182;15;17;15;-1
52286;864;182;15;17;15;-1
52292;225;434;14;17;14;-1
52293;240;434;14;17;14;-1
52296;255;434;14;17;14;-1
52300;270;434;14;17;14;-1
52308;285;434;14;17;14;-1
52309;300;434;14;17;14;-1
52311;315;434;14;17;14;-1
52312;880;182;15;17;15;-1
52313;345;434;14;17;14;-1
52320;896;182;15;17;15;-1
52324;912;182;15;17;15;-1
52326;928;182;15;17;15;-1
52328;944;182;15;17;15;-1
52336;960;182;15;17;15;-1
52341;976;182;15;17;15;-1
52376;826;560;13;17;13;-1
52377;840;560;13;17;13;-1
52380;854;560;13;17;13;-1
52384;868;560;13;17;13;-1
52392;882;560;13;17;13;-1
52393;896;560;13;17;13;-1
52395;450;434;14;17;14;-1
52396;465;434;14;17;14;-1
52397;938;560;13;17;13;-1
52404;480;434;14;17;14;-1
52405;495;434;14;17;14;-1
52408;510;434;14;17;14;-1
52412;525;434;14;17;14;-1
52420;540;434;14;17;14;-1
52421;555;434;14;17;14;-1
52423;570;434;14;17;14;-1
52425;585;434;14;17;14;-1
52432;42;578;13;17;13;-1
52436;56;578;13;17;13;-1
52452;992;182;15;17;15;-1
52460;615;434;14;17;14;-1
52464;630;434;14;17;14;-1
52481;645;434;14;17;14;-1
52488;660;434;14;17;14;0
52489;675;434;14;17;14;0
52492;690;434;14;17;14;0
52496;705;434;14;17;14;0
52504;720;434;14;17;14;0
52505;735;434;14;17;14;0
52507;750;434;14;17;14;0
52509;765;434;14;17;14;0
52516;1008;182;15;17;15;-1
52520;0;200;15;17;15;-1
52524;16;200;15;17;15;-1
52537;32;200;15;17;15;-1
52572;294;578;13;17;13;-1
52576;308;578;13;17;13;-1
52580;322;578;13;17;13;-1
52588;336;578;13;17;13;-1
52589;350;578;13;17;13;-1
52591;840;434;14;17;14;-1
52593;378;578;13;17;13;-1
52600;855;434;14;17;14;0
52616;870;434;14;17;14;0
52628;885;434;14;17;14;0
52629;900;434;14;17;14;0
52632;915;434;14;17;14;0
52636;930;434;14;17;14;0
52644;945;434;14;17;14;0
52645;960;434;14;17;14;0
52647;975;434;14;17;14;0
52649;990;434;14;17;14;0
52656;532;578;13;17;13;-1
52676;48;200;15;17;15;-1
52684;0;452;14;17;14;-1
52688;15;452;14;17;14;-1
52712;588;578;13;17;13;-1
52716;602;578;13;17;13;-1
52720;616;578;13;17;13;-1
52728;630;578;13;17;13;-1
52729;644;578;13;17;13;-1
52731;30;452;14;17;14;-1
52733;672;578;13;17;13;-1
52740;45;452;14;17;14;0
52744;60;452;14;17;14;0
52748;75;452;14;17;14;0
52756;90;452;14;17;14;0
52761;105;452;14;17;14;0
52768;120;452;14;17;14;0
52769;135;452;14;17;14;0
52772;150;452;14;17;14;0
52776;165;452;14;17;14;0
52784;180;452;14;17;14;0
52785;195;452;14;17;14;0
52787;210;452;14;17;14;0
52789;225;452;14;17;14;0
52824;868;578;13;17;13;-1
52825;882;578;13;17;13;-1
52828;896;578;13;17;13;-1
52831;910;578;13;17;13;-1
52832;924;578;13;17;13;-1
52833;938;578;13;17;13;-1
52840;952;578;13;17;13;-1
52841;966;578;13;17;13;-1
52843;240;452;14;17;14;-1
52845;994;578;13;17;13;-1
52852;64;200;15;17;15;-1
52853;80;200;15;17;15;-1
52856;96;200;15;17;15;-1
52860;112;200;15;17;15;-1
52868;128;200;15;17;15;-1
52869;144;200;15;17;15;-1
52871;160;200;15;17;15;-1
52873;176;200;15;17;15;-1
52880;375;452;14;17;14;-1
52881;390;452;14;17;14;-1
52884;405;452;14;17;14;-1
52888;420;452;14;17;14;-1
52896;435;452;14;17;14;-1
52897;450;452;14;17;14;-1
52899;465;452;14;17;14;-1
52900;192;200;15;17;15;-1
52901;495;452;14;17;14;-1
52908;208;200;15;17;15;-1
52909;224;200;15;17;15;-1
52929;240;200;15;17;15;-1
52964;266;596;13;17;13;-1
52965;280;596;13;17;13;-1
52968;294;596;13;17;13;-1
52971;308;596;13;17;13;-1
52972;322;596;13;17;13;-1
52980;336;596;13;17;13;-1
52981;350;596;13;17;13;-1
52983;555;452;14;17;14;-1
52984;570;452;14;17;14;-1
52985;392;596;13;17;13;-1
52992;585;452;14;17;14;-1
52993;600;452;14;17;14;-1
52996;615;452;14;17;14;-1
53000;630;452;14;17;14;-1
53008;645;452;14;17;14;-1
53009;660;452;14;17;14;-1
53011;675;452;14;17;14;-1
53013;690;452;14;17;14;-1
53020;518;596;13;17;13;-1
53024;532;596;13;17;13;-1
53028;546;596;13;17;13;-1
53036;560;596;13;17;13;-1
53037;574;596;13;17;13;-1
53039;705;452;14;17;14;-1
53040;720;452;14;17;14;-1
53041;616;596;13;17;13;-1
53048;735;452;14;17;14;-1
53076;750;452;14;17;14;0
53077;765;452;14;17;14;0
53080;780;452;14;17;14;0
53084;795;452;14;17;14;0
53092;810;452;14;17;14;0
53093;825;452;14;17;14;0
53095;840;452;14;17;14;0
53097;855;452;14;17;14;0
53104;256;200;15;17;15;-1
53105;272;200;15;17;15;-1
53108;288;200;15;17;15;-1
53112;304;200;15;17;15;-1
53120;320;200;15;17;15;-1
53125;336;200;15;17;15;-1
53132;960;452;14;17;14;-1
53153;975;452;14;17;14;-1
53160;868;596;13;17;13;-1
53168;882;596;13;17;13;-1
53188;990;452;14;17;14;0
53216;1005;452;14;17;14;0
53217;0;470;14;17;14;0
53220;15;470;14;17;14;0
53224;30;470;14;17;14;0
53232;45;470;14;17;14;0
53233;60;470;14;17;14;0
53235;75;470;14;17;14;0
53237;90;470;14;17;14;0
53244;0;614;13;17;13;-1
53248;14;614;13;17;13;-1
53252;28;614;13;17;13;-1
53265;42;614;13;17;13;-1
53272;105;470;14;17;14;-1
53293;120;470;14;17;14;-1
53300;84;614;13;17;13;-1
53301;98;614;13;17;13;-1
53304;112;614;13;17;13;-1
53308;126;614;13;17;13;-1
53316;140;614;13;17;13;-1
53317;154;614;13;17;13;-1
53319;135;470;14;17;14;-1
53321;182;614;13;17;13;-1
53328;150;470;14;17;14;0
53332;165;470;14;17;14;0
53336;180;470;14;17;14;0
53344;195;470;14;17;14;0
53356;210;470;14;17;14;0
53357;225;470;14;17;14;0
53360;240;470;14;17;14;0
53364;255;470;14;17;14;0
53372;270;470;14;17;14;0
53373;285;470;14;17;14;0
53377;300;470;14;17;14;0
53412;350;614;13;17;13;-1
53413;364;614;13;17;13;-1
53416;378;614;13;17;13;-1
53420;392;614;13;17;13;-1
53428;406;614;13;17;13;-1
53429;420;614;13;17;13;-1
53431;315;470;14;17;14;-1
53433;448;614;13;17;13;-1
53440;330;470;14;17;14;0
53441;345;470;14;17;14;0
53444;360;470;14;17;14;0
53448;375;470;14;17;14;0
53449;390;470;14;17;14;0
53456;405;470;14;17;14;0
53457;420;470;14;17;14;0
53459;435;470;14;17;14;0
53460;352;200;15;17;15;-1
53461;465;470;14;17;14;0
53468;602;614;13;17;13;0
53469;616;614;13;17;13;0
53472;630;614;13;17;13;0
53476;644;614;13;17;13;0
53484;658;614;13;17;13;0
53485;672;614;13;17;13;0
53487;686;614;13;17;13;0
53488;480;470;14;17;14;0
53489;714;614;13;17;13;0
53496;495;470;14;17;14;0
53517;510;470;14;17;14;0
53552;13;740;12;17;12;0
53553;26;740;12;17;12;0
53556;39;740;12;17;12;0
53560;52;740;12;17;12;0
53562;65;740;12;17;12;0
53568;78;740;12;17;12;0
53569;91;740;12;17;12;0
53571;756;614;13;17;13;0
53572;525;470;14;17;14;-1
53573;104;740;12;17;12;0
53580;784;614;13;17;13;0
53581;798;614;13;17;13;0
53584;812;614;13;17;13;0
53588;826;614;13;17;13;0
53596;840;614;13;17;13;0
53597;854;614;13;17;13;0
53599;868;614;13;17;13;0
53601;882;614;13;17;13;0
53608;195;740;12;17;12;0
53612;509;704;12;17;12;0
53628;540;470;14;17;14;-1
53636;924;614;13;17;13;0
53640;938;614;13;17;13;0
53664;555;470;14;17;14;0
53665;570;470;14;17;14;0
53668;585;470;14;17;14;0
53672;600;470;14;17;14;0
53680;615;470;14;17;14;0
53681;630;470;14;17;14;0
53683;645;470;14;17;14;0
53685;660;470;14;17;14;0
53690;675;470;14;17;14;0
53692;368;200;15;17;15;-1
53696;384;200;15;17;15;-1
53720;720;470;14;17;14;-1
53748;98;632;13;17;13;-1
53752;112;632;13;17;13;-1
53767;735;470;14;17;14;-1
53769;140;632;13;17;13;-1
53776;750;470;14;17;14;0
53804;765;470;14;17;14;0
53805;780;470;14;17;14;0
53808;795;470;14;17;14;0
53812;810;470;14;17;14;0
53820;825;470;14;17;14;0
53821;840;470;14;17;14;0
53823;855;470;14;17;14;0
53825;870;470;14;17;14;0
53832;280;632;13;17;13;-1
53852;400;200;15;17;15;-1
53860;900;470;14;17;14;-1
53888;322;632;13;17;13;-1
53889;336;632;13;17;13;-1
53892;350;632;13;17;13;-1
53896;364;632;13;17;13;-1
53904;378;632;13;17;13;-1
53905;392;632;13;17;13;-1
53909;406;632;13;17;13;-1
53916;915;470;14;17;14;0
53920;930;470;14;17;14;0
53924;945;470;14;17;14;0
53932;960;470;14;17;14;0
53937;975;470;14;17;14;0
53944;990;470;14;17;14;0
53945;1005;470;14;17;14;0
53948;0;488;14;17;14;0
53951;15;488;14;17;14;0
53952;30;488;14;17;14;0
53954;45;488;14;17;14;0
53960;60;488;14;17;14;0
53961;75;488;14;17;14;0
53963;90;488;14;17;14;0
53972;616;632;13;17;13;-1
53976;630;632;13;17;13;-1
53980;644;632;13;17;13;-1
53988;658;632;13;17;13;-1
53989;672;632;13;17;13;-1
54000;574;704;12;17;12;0
54001;587;704;12;17;12;0
54004;600;704;12;17;12;0
54008;613;704;12;17;12;0
54016;626;704;12;17;12;0
54017;639;704;12;17;12;0
54019;686;632;13;17;13;0
54021;665;704;12;17;12;0
54028;416;200;15;17;15;-1
54029;432;200;15;17;15;-1
54030;448;200;15;17;15;-1
54032;464;200;15;17;15;-1
54036;480;200;15;17;15;-1
54038;496;200;15;17;15;-1
54044;512;200;15;17;15;-1
54045;528;200;15;17;15;-1
54047;544;200;15;17;15;-1
54048;560;200;15;17;15;-1
54049;576;200;15;17;15;-1
54053;592;200;15;17;15;-1
54056;285;488;14;17;14;-1
54057;300;488;14;17;14;-1
54060;315;488;14;17;14;-1
54064;330;488;14;17;14;-1
54072;345;488;14;17;14;-1
54073;360;488;14;17;14;-1
54075;375;488;14;17;14;-1
54076;608;200;15;17;15;-1
54077;405;488;14;17;14;-1
54084;624;200;15;17;15;-1
54085;640;200;15;17;15;-1
54140;0;650;13;17;13;-1
54141;14;650;13;17;13;-1
54144;28;650;13;17;13;-1
54148;42;650;13;17;13;-1
54156;56;650;13;17;13;-1
54157;70;650;13;17;13;-1
54159;450;488;14;17;14;-1
54160;465;488;14;17;14;-1
54161;112;650;13;17;13;-1
54168;480;488;14;17;14;-1
54169;495;488;14;17;14;-1
54172;510;488;14;17;14;-1
54176;525;488;14;17;14;-1
54184;540;488;14;17;14;-1
54185;555;488;14;17;14;-1
54187;570;488;14;17;14;-1
54189;585;488;14;17;14;-1
54196;238;650;13;17;13;-1
54200;252;650;13;17;13;-1
54204;266;650;13;17;13;-1
54212;280;650;13;17;13;-1
54213;294;650;13;17;13;-1
54216;600;488;14;17;14;-1
54217;260;722;12;17;12;0
54224;615;488;14;17;14;-1
54232;630;488;14;17;14;-1
54241;645;488;14;17;14;-1
54243;660;488;14;17;14;-1
54252;675;488;14;17;14;0
54253;690;488;14;17;14;0
54256;705;488;14;17;14;0
54260;720;488;14;17;14;0
54268;735;488;14;17;14;0
54269;750;488;14;17;14;0
54271;765;488;14;17;14;0
54273;780;488;14;17;14;0
54280;656;200;15;17;15;-1
54301;672;200;15;17;15;-1
54336;518;650;13;17;13;-1
54340;532;650;13;17;13;-1
54364;825;488;14;17;14;0
54368;840;488;14;17;14;0
54372;855;488;14;17;14;0
54381;870;488;14;17;14;0
54383;885;488;14;17;14;0
54392;900;488;14;17;14;0
54393;915;488;14;17;14;0
54396;930;488;14;17;14;0
54399;945;488;14;17;14;0
54400;960;488;14;17;14;0
54402;975;488;14;17;14;0
54408;990;488;14;17;14;0
54409;1005;488;14;17;14;0
54411;0;506;14;17;14;0
54413;15;506;14;17;14;0
54420;756;650;13;17;13;-1
54441;770;650;13;17;13;-1
54476;784;650;13;17;13;-1
54480;798;650;13;17;13;-1
54484;812;650;13;17;13;-1
54492;826;650;13;17;13;-1
54495;30;506;14;17;14;-1
54504;45;506;14;17;14;0
54508;60;506;14;17;14;0
54512;75;506;14;17;14;0
54520;90;506;14;17;14;0
54523;105;506;14;17;14;0
54525;120;506;14;17;14;0
54532;135;506;14;17;14;0
54536;150;506;14;17;14;0
54540;165;506;14;17;14;0
54548;180;506;14;17;14;0
54549;195;506;14;17;14;0
54551;210;506;14;17;14;0
54588;0;668;13;17;13;-1
54589;14;668;13;17;13;-1
54592;28;668;13;17;13;-1
54596;780;722;12;17;12;0
54604;42;668;13;17;13;-1
54605;56;668;13;17;13;-1
54607;225;506;14;17;14;-1
54609;84;668;13;17;13;-1
54616;688;200;15;17;15;-1
54617;704;200;15;17;15;-1
54620;720;200;15;17;15;-1
54624;736;200;15;17;15;-1
54629;752;200;15;17;15;-1
54632;768;200;15;17;15;-1
54633;784;200;15;17;15;-1
54635;800;200;15;17;15;-1
54637;816;200;15;17;15;-1
54644;375;506;14;17;14;-1
54645;390;506;14;17;14;-1
54648;405;506;14;17;14;-1
54652;420;506;14;17;14;-1
54660;435;506;14;17;14;-1
54661;450;506;14;17;14;-1
54663;465;506;14;17;14;-1
54664;832;200;15;17;15;-1
54665;495;506;14;17;14;-1
54672;848;200;15;17;15;-1
54693;864;200;15;17;15;-1
54728;378;668;13;17;13;-1
54729;392;668;13;17;13;-1
54732;406;668;13;17;13;-1
54736;420;668;13;17;13;-1
54738;434;668;13;17;13;-1
54744;448;668;13;17;13;-1
54745;462;668;13;17;13;-1
54747;540;506;14;17;14;-1
54749;490;668;13;17;13;-1
54756;555;506;14;17;14;-1
54757;570;506;14;17;14;-1
54760;585;506;14;17;14;-1
54764;600;506;14;17;14;-1
54772;615;506;14;17;14;-1
54773;630;506;14;17;14;-1
54775;645;506;14;17;14;-1
54777;660;506;14;17;14;-1
54784;616;668;13;17;13;-1
54785;630;668;13;17;13;-1
54788;644;668;13;17;13;-1
54792;658;668;13;17;13;-1
54800;672;668;13;17;13;-1
54801;686;668;13;17;13;-1
54803;675;506;14;17;14;-1
54804;690;506;14;17;14;-1
54805;728;668;13;17;13;-1
54812;705;506;14;17;14;-1
54816;720;506;14;17;14;-1
54820;735;506;14;17;14;-1
54829;750;506;14;17;14;-1
54840;765;506;14;17;14;0
54841;780;506;14;17;14;0
54844;795;506;14;17;14;0
54848;810;506;14;17;14;0
54853;825;506;14;17;14;0
54856;840;506;14;17;14;0
54857;855;506;14;17;14;0
54859;870;506;14;17;14;0
54861;885;506;14;17;14;0
54865;900;506;14;17;14;0
54868;880;200;15;17;15;-1
54869;896;200;15;17;15;-1
54872;912;200;15;17;15;-1
54876;928;200;15;17;15;-1
54887;944;200;15;17;15;-1
54889;960;200;15;17;15;-1
54896;1005;506;14;17;14;-1
54897;0;524;14;17;14;-1
54900;15;524;14;17;14;-1
54915;30;524;14;17;14;-1
54917;45;524;14;17;14;-1
54924;70;686;13;17;13;-1
54925;84;686;13;17;13;-1
54928;98;686;13;17;13;-1
54932;112;686;13;17;13;-1
54941;126;686;13;17;13;-1
54943;60;524;14;17;14;-1
54945;154;686;13;17;13;-1
54952;75;524;14;17;14;0
54956;90;524;14;17;14;0
54960;105;524;14;17;14;0
54969;120;524;14;17;14;0
54971;135;524;14;17;14;0
54980;150;524;14;17;14;0
54981;165;524;14;17;14;0
54984;180;524;14;17;14;0
54988;195;524;14;17;14;0
54993;210;524;14;17;14;0
54996;225;524;14;17;14;0
54999;240;524;14;17;14;0
55001;255;524;14;17;14;0
55008;350;686;13;17;13;-1
55012;364;686;13;17;13;-1
55016;378;686;13;17;13;-1
55024;392;686;13;17;13;-1
55029;406;686;13;17;13;-1
55036;270;524;14;17;14;-1
55037;285;524;14;17;14;-1
55040;300;524;14;17;14;-1
55044;315;524;14;17;14;-1
55057;330;524;14;17;14;-1
55064;490;686;13;17;13;-1
55065;504;686;13;17;13;-1
55068;518;686;13;17;13;-1
55072;532;686;13;17;13;-1
55080;546;686;13;17;13;-1
55081;560;686;13;17;13;-1
55083;345;524;14;17;14;-1
55085;588;686;13;17;13;-1
55092;360;524;14;17;14;0
55093;375;524;14;17;14;0
55096;390;524;14;17;14;0
55100;405;524;14;17;14;0
55108;420;524;14;17;14;0
55111;435;524;14;17;14;0
55113;450;524;14;17;14;0
55120;465;524;14;17;14;0
55121;480;524;14;17;14;0
55124;495;524;14;17;14;0
55126;510;524;14;17;14;0
55127;525;524;14;17;14;0
55128;540;524;14;17;14;0
55129;555;524;14;17;14;0
55136;570;524;14;17;14;0
55137;585;524;14;17;14;0
55139;600;524;14;17;14;0
55141;615;524;14;17;14;0
55145;630;524;14;17;14;0
55148;868;686;13;17;13;-1
55152;882;686;13;17;13;-1
55156;896;686;13;17;13;-1
55164;910;686;13;17;13;-1
55165;924;686;13;17;13;-1
55169;938;686;13;17;13;-1
55176;952;686;13;17;13;-1
55177;966;686;13;17;13;-1
55180;980;686;13;17;13;-1
55184;994;686;13;17;13;-1
55192;1008;686;13;17;13;-1
55193;0;704;13;17;13;-1
55195;645;524;14;17;14;-1
55197;896;614;13;17;13;-1
